{
    "accuracy": 0.9585389930898321,
    "classification_report": {
        "0": {
            "precision": 0.8585271317829457,
            "recall": 0.8931451612903226,
            "f1-score": 0.8754940711462451,
            "support": 496.0
        },
        "1": {
            "precision": 0.9789932619896948,
            "recall": 0.9712937475422729,
            "f1-score": 0.9751283063560995,
            "support": 2543.0
        },
        "accuracy": 0.9585389930898321,
        "macro avg": {
            "precision": 0.9187601968863203,
            "recall": 0.9322194544162978,
            "f1-score": 0.9253111887511722,
            "support": 3039.0
        },
        "weighted avg": {
            "precision": 0.9593317942099819,
            "recall": 0.9585389930898321,
            "f1-score": 0.9588668451306674,
            "support": 3039.0
        }
    }
}